<?xml version="1.0" encoding="UTF-8" standalone="yes"?>
<addon id="plugin.video.asia.1080p.cloud" name="Asia 1080p" version="0.0.4" provider-name="1080p">
	<requires>
		<import addon="xbmc.python" version="2.19.0" />
		<import addon="script.module.addon.common"/>
		<import addon="script.module.pyxbmct"  />
		<import addon="script.module.requests"/>
		<import addon="script.module.dateutil"/>
		<import addon="script.tvguide.1080p"/>
	</requires>
	<extension point="xbmc.python.pluginsource" library="default.py">
		<provides>video</provides>
	</extension>

	<extension point="xbmc.service" library="service.py" start="login"></extension>
	<!--<extension point="xbmc.service" library="playMonitor.py" start="login"></extension>-->

	<extension point="xbmc.addon.metadata">
		<summary lang="en">Asia content of 1080p.Cloud</summary>
		<description lang="en">This repo gives you access to the Asia content from 1080p.Cloud</description>
		<platform>all</platform>
		<forum>http://1080p.cloud/blog</forum>
		<website>www.1080p.cloud</website>
		<news></news>
		<genre>comedy,kids,livetv,movies,news,sports,subscription,tvshows,african,arabic,asian,australian,austrian,belgian,brazilian,canadian,columbian,czech,danish,dominican,dutch,egyptian,filipino,finnish,french,german,greek,hebrew,hungarian,icelandic,indian,irish,italian,japanese,Korean,lebanese,mongolian,moroccan,nepali,newzealand,norwegian,pakistani,polish,portuguese,romanian,russian,singapore,spanish,swedish,swiss,syrian,tamil,thai,turkish,uk,usa,vietnamese</genre>
		<video_guide></video_guide>
		<video_preview></video_preview>
	</extension>
</addon>
